industry,business name,address,external link,phone number,additional_info,emails,business hours
Construction,Basel Construction,"175 Rosa Parks Blvd Paterson, NJ 07501",,(973) 870-5994,Construction Companies,[],
Construction,Kavi Construction,"50 Egg Harbor Rd Ste 16 Berlin, NJ 08009",,(856) 767-2491,"Government Contractors, Home Builders, Construction Companies, General Contractors",[],Business Hours: Mon-Fri 9am-5pm
Construction,Deangelis Construction,"317 Giles Ave Middlesex, NJ 08846",,(732) 564-9670,Construction Companies,[],
Construction,Moyers Construction,"307 Grant Ave Pine Beach, NJ 08741",,(732) 286-0814,Construction Companies,[],
Construction,Dune Construction,"327 Apache Ln Brick, NJ 08724",,(732) 892-2442,Construction Companies,[],
Construction,Scudieri Construction,"20 Clara St North Haledon, NJ 07508",,(973) 427-4990,Construction Companies,[],
Construction,Walsh Construction,"730 Mattison Ave Asbury Park, NJ 07712",,(732) 361-0963,Construction Companies,[],
Construction,Lizza Construction,"160 Summit Ave Summit, NJ 07901",,(973) 439-1244,Construction Companies,[],
Construction,Forrest Construction,"167 Main St Ste 2B Metuchen, NJ 08840",,(732) 662-7110,Construction Companies,[],
Construction,Aveirense Construction,"770 Harrison Ave Harrison, NJ 07029",,(973) 497-1709,"Construction Companies, General Contractors",[],
Construction,Minestone Construction,"1640 New Market Ave South Plainfield, NJ 07080",,(908) 941-5794,Construction Management,[],
Construction,Capstone Construction,"15 Linda Ter Randolph, NJ 07869",,(973) 584-5634,Construction Companies,[],
Construction,Sommers Construction,"24 Dennis Rd Bloomsbury, NJ 08804",,(908) 995-9329,Construction Companies,[],
Construction,Fazer Construction,"59 Sussex Rd Clifton, NJ 07012",,(973) 574-1373,"General Contractors, Construction Companies",[],"Business Hours: Sat-Sun 7:30am-7:30pm, Mon-Fri 7:30am-6pm"
