industry,business name,address,external link,phone number,additional_info,emails
Construction,Amadeo Construction,"122 McKinley St Massapequa Park, NY 11762",,(516) 541-7765,"General Contractors, Construction Companies, Vanities, Furniture, Home Builders",[]
Construction,Tides Construction,"1 Tides Ct Bayville, NY 11709",,(516) 628-2644,Construction Companies,[]
Construction,Construction Experts,"158 Middle Neck Rd # A Great Neck, NY 11021",,(516) 805-1193,"Management Services, Construction Management",[]
Construction,Wiz Construction,"139 Palisade St Dobbs Ferry, NY 10522",,(914) 693-8473,Construction Companies,[]
Construction,Cosgriff Construction,"48 Telegraph St Binghamton, NY 13903",,(607) 372-5852,"Home Repair & Service, Siding Contractors, Kitchen Remodeling, Bathroom Remodeling, Deck Builders, Construction Companies, Roofing Contractors, Home Repair & Service",[]
Construction,Upchurch Construction,"1263 Wehrle Dr Buffalo, NY 14221",,(716) 833-1030,Construction Companies,[]
Construction,Bontempi Construction,"31 Fields Ln North Salem, NY 10560",,(914) 276-6500,Construction Companies,[]
Construction,Dkas Construction,"66 Ossian St Dansville, NY 14437",,(585) 748-3008,Construction Companies,[]
Construction,Shvartsman Construction,"2954 Brighton 4th St Brooklyn, NY 11235",,(718) 934-7831,Construction Companies,[]
Construction,BBL Construction,"30 Tech Valley Dr East Greenbush, NY 12061",,(518) 283-4316,Construction Companies,[]
Construction,Belair Construction,"151 Chester St Mount Vernon, NY 10552",,(646) 235-1317,"Construction Companies, General Contractors",[]
Construction,Beach Construction,"31 Catherine St Oswego, NY 13126",,(315) 343-5404,Construction Companies,[]
